Task_ID,Task_Name,Task_Description,Task_Owner,Task_Type,Category,Revised_Category,Category_Match,Complexity,Time_Human,Time_AI,Time_Human_AI,Comments
ISSUE_000345,"Use Devin to generate a regression suite for the encounter decrypt/patch path, asserting the age field and PHI masking.","Work carried out: unresolved repository: repository history was not read (no local checkout with history) / Code now: target repository unresolved, so no code was inspected / Reported: Delegation opportunity recorded for jatinkushwaha-medicodio: Use Devin to generate a regression suite for the encounter decrypt/patch path, asserting the age field and PHI masking. / Recommended: PROPOSE: no approved playbook matched; request human direction.",jatinkushwaha-medicodio,Code fix,BUG,ENHANCEMENT,no,8,08:00,00:45,04:45,"reported as bug but category MISSING_TEST shows the capability does not exist yet, so it is an enhancement. state DEV_REVIEW, review PENDING. nothing changed (dry run)."
ISSUE_000349,PHI-adjacent change with no tests,"Work carried out: unresolved repository: repository history was not read (no local checkout with history) / Code now: target repository unresolved, so no code was inspected / Reported: Recurring pattern flagged for jatinkushwaha-medicodio: PHI-adjacent change with no tests. / Recommended: Delegate the regression suite",jatinkushwaha-medicodio,Code fix,BUG,ENHANCEMENT,no,8,08:00,00:45,04:45,"reported as bug but category MISSING_TEST shows the capability does not exist yet, so it is an enhancement. state DEV_REVIEW, review PENDING. nothing changed (dry run)."
ISSUE_000334,Batch/ledger invariants stated in prose then verified by hand,"Work carried out: unresolved repository: repository history was not read (no local checkout with history) / Code now: target repository unresolved, so no code was inspected / Reported: Repetitive work reported for sameer-s-mansur: Batch/ledger invariants stated in prose then verified by hand. / Recommended: Automate with Devin — an invariant test suite",sameer-s-mansur,Code fix,ENHANCEMENT,ENHANCEMENT,yes,6,06:00,00:30,03:30,"category MISSING_TEST confirms the reported enhancement. state DEV_REVIEW, review PENDING. nothing changed (dry run)."
ISSUE_000316,Promotion fan-out (`Dev_1.0` → `release/prod_1.0` cherry-pick PRs),"Work carried out: unresolved repository: repository history was not read (no local checkout with history) / Code now: target repository unresolved, so no code was inspected / Reported: Repetitive work reported for amit-pandey-medicodio: Promotion fan-out (`Dev_1.0` → `release/prod_1.0` cherry-pick PRs). / Recommended: Automate through scripts — one promotion command that opens both PRs with a generated body",amit-pandey-medicodio,Code fix,ENHANCEMENT,ENHANCEMENT,yes,6,06:00,00:30,03:30,"category MECHANICAL_MIGRATION confirms the reported enhancement. state DEV_REVIEW, review PENDING. nothing changed (dry run)."
ISSUE_000318,Facility-day state semantics corrected in 13 successive PRs,"Work carried out: unresolved repository: repository history was not read (no local checkout with history) / Code now: target repository unresolved, so no code was inspected / Reported: Repetitive work reported for amit-pandey-medicodio: Facility-day state semantics corrected in 13 successive PRs. / Recommended: Automate with Devin — one state-machine test suite; each defect becomes a case",amit-pandey-medicodio,Code fix,BUG,ENHANCEMENT,no,6,06:00,00:30,03:30,"reported as bug but category MISSING_TEST shows the capability does not exist yet, so it is an enhancement. state DEV_REVIEW, review PENDING. nothing changed (dry run)."
ISSUE_000319,"Use Devin to generate a state-machine test suite for the facility-day states, seeded with the 13 defects fixed today — it would have caught most of them before ","Work carried out: unresolved repository: repository history was not read (no local checkout with history) / Code now: target repository unresolved, so no code was inspected / Reported: Delegation opportunity recorded for amit-pandey-medicodio: Use Devin to generate a state-machine test suite for the facility-day states, seeded with the 13 defects fixed today — it would have caught most of them before merge. / Recommended: PROPOSE: no approved playbook matched; request human direction.",amit-pandey-medicodio,Code fix,BUG,ENHANCEMENT,no,6,06:00,00:30,03:30,"reported as bug but category MISSING_TEST shows the capability does not exist yet, so it is an enhancement. state DEV_REVIEW, review PENDING. nothing changed (dry run)."
ISSUE_000326,`uat` → `release/prod_3.0` promotion PRs with template-only bodies,"Work carried out: unresolved repository: repository history was not read (no local checkout with history) / Code now: target repository unresolved, so no code was inspected / Reported: Repetitive work reported for NandanDate-Medicodio: `uat` → `release/prod_3.0` promotion PRs with template-only bodies. / Recommended: Automate through scripts — generate the body from the merged PR list",NandanDate-Medicodio,Code fix,ENHANCEMENT,ENHANCEMENT,yes,6,06:00,00:30,03:30,"category MECHANICAL_MIGRATION confirms the reported enhancement. state DEV_REVIEW, review PENDING. nothing changed (dry run)."
ISSUE_000328,"Use Devin to build golden-file tests for `guidelines_journey` per-target attribution across the lanes he added (laterality, BMI/Z68, split, `excludes1`).","Work carried out: unresolved repository: repository history was not read (no local checkout with history) / Code now: target repository unresolved, so no code was inspected / Reported: Delegation opportunity recorded for NandanDate-Medicodio: Use Devin to build golden-file tests for `guidelines_journey` per-target attribution across the lanes he added (laterality, BMI/Z68, split, `excludes1`). / Recommended: PROPOSE: no approved playbook matched; request human direction.",NandanDate-Medicodio,Code fix,ENHANCEMENT,ENHANCEMENT,yes,6,06:00,00:30,03:30,"category MISSING_TEST confirms the reported enhancement. state DEV_REVIEW, review PENDING. nothing changed (dry run)."
ISSUE_000333,Promotion fan-out,"Work carried out: unresolved repository: repository history was not read (no local checkout with history) / Code now: target repository unresolved, so no code was inspected / Reported: Repetitive work reported for sameer-s-mansur: Promotion fan-out. / Recommended: Automate through scripts",sameer-s-mansur,Code fix,ENHANCEMENT,ENHANCEMENT,yes,7,07:00,00:30,04:00,"category MECHANICAL_MIGRATION confirms the reported enhancement. state DEV_REVIEW, review PENDING. nothing changed (dry run)."
ISSUE_000335,Template-only PR bodies on promotions,"Work carried out: unresolved repository: repository history was not read (no local checkout with history) / Code now: target repository unresolved, so no code was inspected / Reported: Repetitive work reported for sameer-s-mansur: Template-only PR bodies on promotions. / Recommended: Improve process — generated bodies",sameer-s-mansur,Code fix,ENHANCEMENT,ENHANCEMENT,yes,7,07:00,00:30,04:00,"category MECHANICAL_MIGRATION confirms the reported enhancement. state DEV_REVIEW, review PENDING. nothing changed (dry run)."
ISSUE_000336,"Use Devin to convert his written batch/ledger invariants into a regression suite (cached re-run, dual writers, event-driven vs RPA warning, blank insurance cate","Work carried out: unresolved repository: repository history was not read (no local checkout with history) / Code now: target repository unresolved, so no code was inspected / Reported: Delegation opportunity recorded for sameer-s-mansur: Use Devin to convert his written batch/ledger invariants into a regression suite (cached re-run, dual writers, event-driven vs RPA warning, blank insurance category). / Recommended: PROPOSE: no approved playbook matched; request human direction.",sameer-s-mansur,Code fix,BUG,ENHANCEMENT,no,6,06:00,00:30,03:30,"reported as bug but category MISSING_TEST shows the capability does not exist yet, so it is an enhancement. state DEV_REVIEW, review PENDING. nothing changed (dry run)."
ISSUE_000344,Manual `Dev_1.0` sync into the feature branch,"Work carried out: unresolved repository: repository history was not read (no local checkout with history) / Code now: target repository unresolved, so no code was inspected / Reported: Repetitive work reported for jatinkushwaha-medicodio: Manual `Dev_1.0` sync into the feature branch. / Recommended: Automate through tooling",jatinkushwaha-medicodio,Code fix,ENHANCEMENT,ENHANCEMENT,yes,7,07:00,00:30,04:00,"category MECHANICAL_MIGRATION confirms the reported enhancement. state DEV_REVIEW, review PENDING. nothing changed (dry run)."
ISSUE_000346,Use Devin to table-drive the login error-message contract across API and UI.,"Work carried out: unresolved repository: repository history was not read (no local checkout with history) / Code now: target repository unresolved, so no code was inspected / Reported: Delegation opportunity recorded for jatinkushwaha-medicodio: Use Devin to table-drive the login error-message contract across API and UI. / Recommended: PROPOSE: no approved playbook matched; request human direction.",jatinkushwaha-medicodio,Process change,BUG,ENHANCEMENT,no,10,05:00,00:30,03:00,"reported as bug but category PROCESS_PRACTICE shows the capability does not exist yet, so it is an enhancement. state DEV_REVIEW, review PENDING. nothing changed (dry run)."
ISSUE_000350,Client-config routing edits per specialty,"Work carried out: unresolved repository: repository history was not read (no local checkout with history) / Code now: target repository unresolved, so no code was inspected / Reported: Repetitive work reported for Medicodio-Amit: Client-config routing edits per specialty. / Recommended: Automate with Devin — config-driven routing with a validation test",Medicodio-Amit,Tooling / automation,ENHANCEMENT,ENHANCEMENT,yes,7,05:45,00:30,03:30,"category AUTOMATION_OPPORTUNITY confirms the reported enhancement. state DEV_REVIEW, review PENDING. nothing changed (dry run)."
ISSUE_000351,Promotion PRs with template bodies,"Work carried out: unresolved repository: repository history was not read (no local checkout with history) / Code now: target repository unresolved, so no code was inspected / Reported: Repetitive work reported for Medicodio-Amit: Promotion PRs with template bodies. / Recommended: Automate through scripts",Medicodio-Amit,Code fix,ENHANCEMENT,ENHANCEMENT,yes,7,07:00,00:30,04:00,"category MECHANICAL_MIGRATION confirms the reported enhancement. state DEV_REVIEW, review PENDING. nothing changed (dry run)."
ISSUE_000358,Same-minute `uat`→prod promotion,"Work carried out: unresolved repository: repository history was not read (no local checkout with history) / Code now: target repository unresolved, so no code was inspected / Reported: Repetitive work reported for avinash-codio: Same-minute `uat`→prod promotion. / Recommended: Improve process — a soak period, or findings-answered gate",avinash-codio,Code fix,ENHANCEMENT,ENHANCEMENT,yes,7,07:00,00:30,04:00,"category MECHANICAL_MIGRATION confirms the reported enhancement. state DEV_REVIEW, review PENDING. nothing changed (dry run)."
ISSUE_000360,Template-only PR bodies,"Work carried out: unresolved repository: repository history was not read (no local checkout with history) / Code now: target repository unresolved, so no code was inspected / Reported: Repetitive work reported for avinash-codio: Template-only PR bodies. / Recommended: Generated bodies",avinash-codio,Tooling / automation,ENHANCEMENT,ENHANCEMENT,yes,7,05:45,00:30,03:30,"category AUTOMATION_OPPORTUNITY confirms the reported enhancement. state DEV_REVIEW, review PENDING. nothing changed (dry run)."
ISSUE_000366,Approving three-stage promotion chains,"Work carried out: unresolved repository: repository history was not read (no local checkout with history) / Code now: target repository unresolved, so no code was inspected / Reported: Repetitive work reported for sumedh-codio: Approving three-stage promotion chains. / Recommended: Automate through scripts — one promotion PR chain, generated, with one review point",sumedh-codio,Code fix,ENHANCEMENT,ENHANCEMENT,yes,7,07:00,00:30,04:00,"category MECHANICAL_MIGRATION confirms the reported enhancement. state DEV_REVIEW, review PENDING. nothing changed (dry run)."
ISSUE_000371,Guideline-rule gating fixes verified by reading the rule,"Work carried out: unresolved repository: repository history was not read (no local checkout with history) / Code now: target repository unresolved, so no code was inspected / Reported: Repetitive work reported for Shashvi1: Guideline-rule gating fixes verified by reading the rule. / Recommended: Automate with Devin — unit tests per rule predicate",Shashvi1,Tooling / automation,ENHANCEMENT,ENHANCEMENT,yes,7,05:45,00:30,03:30,"category AUTOMATION_OPPORTUNITY confirms the reported enhancement. state DEV_REVIEW, review PENDING. nothing changed (dry run)."
ISSUE_000372,"Use Devin to generate unit tests for the guideline-rule predicates (`match.present`, exclusion lanes) she has now corrected twice.","Work carried out: unresolved repository: repository history was not read (no local checkout with history) / Code now: target repository unresolved, so no code was inspected / Reported: Delegation opportunity recorded for Shashvi1: Use Devin to generate unit tests for the guideline-rule predicates (`match.present`, exclusion lanes) she has now corrected twice. / Recommended: PROPOSE: no approved playbook matched; request human direction.",Shashvi1,Code fix,ENHANCEMENT,ENHANCEMENT,yes,6,06:00,00:30,03:30,"category MISSING_TEST confirms the reported enhancement. state DEV_REVIEW, review PENDING. nothing changed (dry run)."
ISSUE_000375,Same-minute prod promotion with template body,"Work carried out: unresolved repository: repository history was not read (no local checkout with history) / Code now: target repository unresolved, so no code was inspected / Reported: Repetitive work reported for vishnu-saikarthik: Same-minute prod promotion with template body. / Recommended: Automate through scripts + require findings answered",vishnu-saikarthik,Code fix,ENHANCEMENT,ENHANCEMENT,yes,7,07:00,00:30,04:00,"category MECHANICAL_MIGRATION confirms the reported enhancement. state DEV_REVIEW, review PENDING. nothing changed (dry run)."
ISSUE_000320,Use Devin to write the promotion script that opens the `Dev_1.0`→prod cherry-pick PR with a filled body.,"Work carried out: unresolved repository: repository history was not read (no local checkout with history) / Code now: target repository unresolved, so no code was inspected / Reported: Delegation opportunity recorded for amit-pandey-medicodio: Use Devin to write the promotion script that opens the `Dev_1.0`→prod cherry-pick PR with a filled body. / Recommended: PROPOSE: no approved playbook matched; request human direction.",amit-pandey-medicodio,Code fix,ENHANCEMENT,ENHANCEMENT,yes,7,07:00,00:30,04:00,"category MECHANICAL_MIGRATION confirms the reported enhancement. state DEV_REVIEW, review PENDING. nothing changed (dry run)."
ISSUE_000324,Promotion fan-out,"Work carried out: unresolved repository: repository history was not read (no local checkout with history) / Code now: target repository unresolved, so no code was inspected / Reported: Recurring pattern flagged for amit-pandey-medicodio: Promotion fan-out. / Recommended: Script it",amit-pandey-medicodio,Code fix,ENHANCEMENT,ENHANCEMENT,yes,7,07:00,00:30,04:00,"category MECHANICAL_MIGRATION confirms the reported enhancement. state DEV_REVIEW, review PENDING. nothing changed (dry run)."
ISSUE_000327,Journey/attribution logic verified by reading output,"Work carried out: unresolved repository: repository history was not read (no local checkout with history) / Code now: target repository unresolved, so no code was inspected / Reported: Repetitive work reported for NandanDate-Medicodio: Journey/attribution logic verified by reading output. / Recommended: Automate with Devin — golden-file tests per rule lane",NandanDate-Medicodio,Tooling / automation,ENHANCEMENT,ENHANCEMENT,yes,7,05:45,00:30,03:30,"category AUTOMATION_OPPORTUNITY confirms the reported enhancement. state DEV_REVIEW, review PENDING. nothing changed (dry run)."
ISSUE_000329,"Use Devin to generate promotion PR bodies (included PRs, risk, rollback) from the diff.","Work carried out: unresolved repository: repository history was not read (no local checkout with history) / Code now: target repository unresolved, so no code was inspected / Reported: Delegation opportunity recorded for NandanDate-Medicodio: Use Devin to generate promotion PR bodies (included PRs, risk, rollback) from the diff. / Recommended: PROPOSE: no approved playbook matched; request human direction.",NandanDate-Medicodio,Code fix,ENHANCEMENT,ENHANCEMENT,yes,7,07:00,00:30,04:00,"category MECHANICAL_MIGRATION confirms the reported enhancement. state DEV_REVIEW, review PENDING. nothing changed (dry run)."
ISSUE_000332,Promotion merged with an open Devin Review finding,"Work carried out: unresolved repository: repository history was not read (no local checkout with history) / Code now: target repository unresolved, so no code was inspected / Reported: Recurring pattern flagged for NandanDate-Medicodio: Promotion merged with an open Devin Review finding. / Recommended: Block promotion while findings are unanswered",NandanDate-Medicodio,Code fix,ENHANCEMENT,ENHANCEMENT,yes,7,07:00,00:30,04:00,"category MECHANICAL_MIGRATION confirms the reported enhancement. state DEV_REVIEW, review PENDING. nothing changed (dry run)."
ISSUE_000337,Use Devin to script the three-stage promotion so the bodies are generated.,"Work carried out: unresolved repository: repository history was not read (no local checkout with history) / Code now: target repository unresolved, so no code was inspected / Reported: Delegation opportunity recorded for sameer-s-mansur: Use Devin to script the three-stage promotion so the bodies are generated. / Recommended: PROPOSE: no approved playbook matched; request human direction.",sameer-s-mansur,Code fix,ENHANCEMENT,ENHANCEMENT,yes,7,07:00,00:30,04:00,"category MECHANICAL_MIGRATION confirms the reported enhancement. state DEV_REVIEW, review PENDING. nothing changed (dry run)."
ISSUE_000341,Promotion fan-out with template bodies,"Work carried out: unresolved repository: repository history was not read (no local checkout with history) / Code now: target repository unresolved, so no code was inspected / Reported: Recurring pattern flagged for sameer-s-mansur: Promotion fan-out with template bodies. / Recommended: Script it",sameer-s-mansur,Code fix,ENHANCEMENT,ENHANCEMENT,yes,7,07:00,00:30,04:00,"category MECHANICAL_MIGRATION confirms the reported enhancement. state DEV_REVIEW, review PENDING. nothing changed (dry run)."
ISSUE_000342,Same change authored twice across nodejs and react,"Work carried out: unresolved repository: repository history was not read (no local checkout with history) / Code now: target repository unresolved, so no code was inspected / Reported: Repetitive work reported for jatinkushwaha-medicodio: Same change authored twice across nodejs and react. / Recommended: Automate with Devin — paired change with a shared contract test",jatinkushwaha-medicodio,Tooling / automation,BUG,ENHANCEMENT,no,7,05:45,00:30,03:30,"reported as bug but category AUTOMATION_OPPORTUNITY shows the capability does not exist yet, so it is an enhancement. state DEV_REVIEW, review PENDING. nothing changed (dry run)."
ISSUE_000356,"Rich feature bodies, template-only promotion bodies","Work carried out: unresolved repository: repository history was not read (no local checkout with history) / Code now: target repository unresolved, so no code was inspected / Reported: Recurring pattern flagged for Medicodio-Amit: Rich feature bodies, template-only promotion bodies. / Recommended: Generate promotion bodies from the included PR list",Medicodio-Amit,Code fix,ENHANCEMENT,ENHANCEMENT,yes,7,07:00,00:30,04:00,"category MECHANICAL_MIGRATION confirms the reported enhancement. state DEV_REVIEW, review PENDING. nothing changed (dry run)."
ISSUE_000359,Trigger-field corrections,"Work carried out: unresolved repository: repository history was not read (no local checkout with history) / Code now: target repository unresolved, so no code was inspected / Reported: Repetitive work reported for avinash-codio: Trigger-field corrections. / Recommended: Automate with Devin — routing fixture suite",avinash-codio,Tooling / automation,ENHANCEMENT,ENHANCEMENT,yes,7,05:45,00:30,03:30,"category AUTOMATION_OPPORTUNITY confirms the reported enhancement. state DEV_REVIEW, review PENDING. nothing changed (dry run)."
ISSUE_000361,"Use Devin to generate a routing-trigger fixture suite keyed on `type_of_service_id` / `type_of_visit_id`, so a field mismatch fails a test rather than a chart.","Work carried out: unresolved repository: repository history was not read (no local checkout with history) / Code now: target repository unresolved, so no code was inspected / Reported: Delegation opportunity recorded for avinash-codio: Use Devin to generate a routing-trigger fixture suite keyed on `type_of_service_id` / `type_of_visit_id`, so a field mismatch fails a test rather than a chart. / Recommended: INVESTIGATE AND PROPOSE: no implementation until a human approves.",avinash-codio,Tooling / automation,BUG,ENHANCEMENT,no,7,05:45,00:30,03:30,"reported as bug but category AUTOMATION_OPPORTUNITY shows the capability does not exist yet, so it is an enhancement. state DEV_REVIEW, review PENDING. nothing changed (dry run)."
ISSUE_000363,Use Devin to draft his promotion PR bodies.,"Work carried out: unresolved repository: repository history was not read (no local checkout with history) / Code now: target repository unresolved, so no code was inspected / Reported: Delegation opportunity recorded for avinash-codio: Use Devin to draft his promotion PR bodies. / Recommended: PROPOSE: no approved playbook matched; request human direction.",avinash-codio,Code fix,ENHANCEMENT,ENHANCEMENT,yes,7,07:00,00:30,04:00,"category MECHANICAL_MIGRATION confirms the reported enhancement. state DEV_REVIEW, review PENDING. nothing changed (dry run)."
ISSUE_000364,Promotion to `release/prod_3.0` within a minute of merge,"Work carried out: unresolved repository: repository history was not read (no local checkout with history) / Code now: target repository unresolved, so no code was inspected / Reported: Recurring pattern flagged for avinash-codio: Promotion to `release/prod_3.0` within a minute of merge. / Recommended: Require the Devin Review finding to be answered before promotion",avinash-codio,Code fix,ENHANCEMENT,ENHANCEMENT,yes,6,06:00,00:30,03:30,"category MECHANICAL_MIGRATION confirms the reported enhancement. state DEV_REVIEW, review PENDING. nothing changed (dry run)."
ISSUE_000368,"Use Devin to generate a promotion checklist comment (diff summary, findings status, migration presence) so his approval has something concrete to confirm.","Work carried out: unresolved repository: repository history was not read (no local checkout with history) / Code now: target repository unresolved, so no code was inspected / Reported: Delegation opportunity recorded for sumedh-codio: Use Devin to generate a promotion checklist comment (diff summary, findings status, migration presence) so his approval has something concrete to confirm. / Recommended: PROPOSE: no approved playbook matched; request human direction.",sumedh-codio,Code fix,ENHANCEMENT,ENHANCEMENT,yes,7,07:00,00:30,04:00,"category MECHANICAL_MIGRATION confirms the reported enhancement. state DEV_REVIEW, review PENDING. nothing changed (dry run)."
ISSUE_000369,Use Devin to script the `Dev_1.0`→`Uat_1.0`→prod chain into a single reviewed unit.,"Work carried out: unresolved repository: repository history was not read (no local checkout with history) / Code now: target repository unresolved, so no code was inspected / Reported: Delegation opportunity recorded for sumedh-codio: Use Devin to script the `Dev_1.0`→`Uat_1.0`→prod chain into a single reviewed unit. / Recommended: INVESTIGATE AND PROPOSE: no implementation until a human approves.",sumedh-codio,Tooling / automation,ENHANCEMENT,ENHANCEMENT,yes,7,05:45,00:30,03:30,"category AUTOMATION_OPPORTUNITY confirms the reported enhancement. state DEV_REVIEW, review PENDING. nothing changed (dry run)."
ISSUE_000370,Empty approvals on production promotions,"Work carried out: unresolved repository: repository history was not read (no local checkout with history) / Code now: target repository unresolved, so no code was inspected / Reported: Recurring pattern flagged for sumedh-codio: Empty approvals on production promotions. / Recommended: One-line verdict naming what was verified",sumedh-codio,Code fix,ENHANCEMENT,ENHANCEMENT,yes,7,07:00,00:30,04:00,"category MECHANICAL_MIGRATION confirms the reported enhancement. state DEV_REVIEW, review PENDING. nothing changed (dry run)."
ISSUE_000377,Use Devin to generate the promotion body from the diff.,"Work carried out: unresolved repository: repository history was not read (no local checkout with history) / Code now: target repository unresolved, so no code was inspected / Reported: Delegation opportunity recorded for vishnu-saikarthik: Use Devin to generate the promotion body from the diff. / Recommended: PROPOSE: no approved playbook matched; request human direction.",vishnu-saikarthik,Code fix,ENHANCEMENT,ENHANCEMENT,yes,7,07:00,00:30,04:00,"category MECHANICAL_MIGRATION confirms the reported enhancement. state DEV_REVIEW, review PENDING. nothing changed (dry run)."
ISSUE_000378,Promotion opened and merged within minutes on a template body,"Work carried out: unresolved repository: repository history was not read (no local checkout with history) / Code now: target repository unresolved, so no code was inspected / Reported: Recurring pattern flagged for vishnu-saikarthik: Promotion opened and merged within minutes on a template body. / Recommended: Findings-answered gate before promotion",vishnu-saikarthik,Code fix,ENHANCEMENT,ENHANCEMENT,yes,7,07:00,00:30,04:00,"category MECHANICAL_MIGRATION confirms the reported enhancement. state DEV_REVIEW, review PENDING. nothing changed (dry run)."
ISSUE_000381,Use Devin to split #393 into a reviewable first slice.,"Work carried out: unresolved repository: repository history was not read (no local checkout with history) / Code now: target repository unresolved, so no code was inspected / Reported: Delegation opportunity recorded for ashwinsk-medicodio: Use Devin to split #393 into a reviewable first slice. / Recommended: PROPOSE: no approved playbook matched; request human direction.",ashwinsk-medicodio,Code fix,ENHANCEMENT,ENHANCEMENT,yes,7,07:00,00:30,04:00,"category MECHANICAL_MIGRATION confirms the reported enhancement. state DEV_REVIEW, review PENDING. nothing changed (dry run)."
ISSUE_000317,Empty approvals,"Work carried out: unresolved repository: repository history was not read (no local checkout with history) / Code now: target repository unresolved, so no code was inspected / Reported: Repetitive work reported for amit-pandey-medicodio: Empty approvals. / Recommended: Improve process — required one-line verdict, or branch protection requiring a non-author approver",amit-pandey-medicodio,Process change,ENHANCEMENT,ENHANCEMENT,yes,8,04:00,00:15,02:15,"category PROCESS_PRACTICE confirms the reported enhancement. state DEV_REVIEW, review PENDING. nothing changed (dry run)."
ISSUE_000325,One-word approvals,"Work carried out: unresolved repository: repository history was not read (no local checkout with history) / Code now: target repository unresolved, so no code was inspected / Reported: Repetitive work reported for NandanDate-Medicodio: One-word approvals. / Recommended: Improve process — verdict + what was checked",NandanDate-Medicodio,Process change,ENHANCEMENT,ENHANCEMENT,yes,8,04:00,00:15,02:15,"category PROCESS_PRACTICE confirms the reported enhancement. state DEV_REVIEW, review PENDING. nothing changed (dry run)."
ISSUE_000343,UI style tweaks committed individually,"Work carried out: unresolved repository: repository history was not read (no local checkout with history) / Code now: target repository unresolved, so no code was inspected / Reported: Repetitive work reported for jatinkushwaha-medicodio: UI style tweaks committed individually. / Recommended: Continue manually (low risk), but batch them into one PR",jatinkushwaha-medicodio,Process change,ENHANCEMENT,ENHANCEMENT,yes,8,04:00,00:15,02:15,"category PROCESS_PRACTICE confirms the reported enhancement. state DEV_REVIEW, review PENDING. nothing changed (dry run)."
ISSUE_000352,Draft Devin PRs left idle,"Work carried out: unresolved repository: repository history was not read (no local checkout with history) / Code now: target repository unresolved, so no code was inspected / Reported: Repetitive work reported for Medicodio-Amit: Draft Devin PRs left idle. / Recommended: Improve process — acceptance criteria and a reviewer at open time",Medicodio-Amit,Process change,ENHANCEMENT,ENHANCEMENT,yes,8,04:00,00:15,02:15,"category PROCESS_PRACTICE confirms the reported enhancement. state DEV_REVIEW, review PENDING. nothing changed (dry run)."
ISSUE_000379,Work accumulating on a draft branch without reaching review,"Work carried out: unresolved repository: repository history was not read (no local checkout with history) / Code now: target repository unresolved, so no code was inspected / Reported: Repetitive work reported for ashwinsk-medicodio: Work accumulating on a draft branch without reaching review. / Recommended: Improve process — smallest reviewable slice per window",ashwinsk-medicodio,Process change,ENHANCEMENT,ENHANCEMENT,yes,8,04:00,00:15,02:15,"category PROCESS_PRACTICE confirms the reported enhancement. state DEV_REVIEW, review PENDING. nothing changed (dry run)."
ISSUE_000321,Use Devin to answer the 5 open findings on #249 before it merges.,"Work carried out: unresolved repository: repository history was not read (no local checkout with history) / Code now: target repository unresolved, so no code was inspected / Reported: Delegation opportunity recorded for amit-pandey-medicodio: Use Devin to answer the 5 open findings on #249 before it merges. / Recommended: INVESTIGATE AND PROPOSE: no implementation until a human approves.",amit-pandey-medicodio,Process change,ENHANCEMENT,ENHANCEMENT,yes,8,04:00,00:15,02:15,"category PROCESS_PRACTICE confirms the reported enhancement. state DEV_REVIEW, review PENDING. nothing changed (dry run)."
ISSUE_000322,Empty-bodied approvals,"Work carried out: unresolved repository: repository history was not read (no local checkout with history) / Code now: target repository unresolved, so no code was inspected / Reported: Recurring pattern flagged for amit-pandey-medicodio: Empty-bodied approvals. / Recommended: Require a non-author approver on Devin PRs, and a one-line verdict",amit-pandey-medicodio,Process change,ENHANCEMENT,ENHANCEMENT,yes,8,04:00,00:15,02:15,"category PROCESS_PRACTICE confirms the reported enhancement. state DEV_REVIEW, review PENDING. nothing changed (dry run)."
ISSUE_000323,Behaviour changes to a production dashboard with no tests,"Work carried out: unresolved repository: repository history was not read (no local checkout with history) / Code now: target repository unresolved, so no code was inspected / Reported: Recurring pattern flagged for amit-pandey-medicodio: Behaviour changes to a production dashboard with no tests. / Recommended: One state-machine suite before the next batch",amit-pandey-medicodio,Process change,ENHANCEMENT,ENHANCEMENT,yes,8,04:00,00:15,02:15,"category PROCESS_PRACTICE confirms the reported enhancement. state DEV_REVIEW, review PENDING. nothing changed (dry run)."
ISSUE_000330,Land #405 by adding acceptance criteria and requesting review.,"Work carried out: unresolved repository: repository history was not read (no local checkout with history) / Code now: target repository unresolved, so no code was inspected / Reported: Delegation opportunity recorded for NandanDate-Medicodio: Land #405 by adding acceptance criteria and requesting review. / Recommended: INVESTIGATE AND PROPOSE: no implementation until a human approves.",NandanDate-Medicodio,Process change,ENHANCEMENT,ENHANCEMENT,yes,8,04:00,00:15,02:15,"category PROCESS_PRACTICE confirms the reported enhancement. state DEV_REVIEW, review PENDING. nothing changed (dry run)."
ISSUE_000331,One-word approvals,"Work carried out: unresolved repository: repository history was not read (no local checkout with history) / Code now: target repository unresolved, so no code was inspected / Reported: Recurring pattern flagged for NandanDate-Medicodio: One-word approvals. / Recommended: Verdict template; treat >20-file PRs as requiring a written check",NandanDate-Medicodio,Process change,ENHANCEMENT,ENHANCEMENT,yes,8,04:00,00:15,02:15,"category PROCESS_PRACTICE confirms the reported enhancement. state DEV_REVIEW, review PENDING. nothing changed (dry run)."
ISSUE_000338,Use Devin to write fixtures for the gender-resolution precedence rules he just shipped.,"Work carried out: unresolved repository: repository history was not read (no local checkout with history) / Code now: target repository unresolved, so no code was inspected / Reported: Delegation opportunity recorded for sameer-s-mansur: Use Devin to write fixtures for the gender-resolution precedence rules he just shipped. / Recommended: INVESTIGATE AND PROPOSE: no implementation until a human approves.",sameer-s-mansur,Process change,ENHANCEMENT,ENHANCEMENT,yes,8,04:00,00:15,02:15,"category PROCESS_PRACTICE confirms the reported enhancement. state DEV_REVIEW, review PENDING. nothing changed (dry run)."
ISSUE_000339,Production batch-semantics changes with zero tests,"Work carried out: unresolved repository: repository history was not read (no local checkout with history) / Code now: target repository unresolved, so no code was inspected / Reported: Recurring pattern flagged for sameer-s-mansur: Production batch-semantics changes with zero tests. / Recommended: Delegate the invariant suite to Devin",sameer-s-mansur,Process change,ENHANCEMENT,ENHANCEMENT,yes,8,04:00,00:15,02:15,"category PROCESS_PRACTICE confirms the reported enhancement. state DEV_REVIEW, review PENDING. nothing changed (dry run)."
ISSUE_000340,Self-merge,"Work carried out: unresolved repository: repository history was not read (no local checkout with history) / Code now: target repository unresolved, so no code was inspected / Reported: Recurring pattern flagged for sameer-s-mansur: Self-merge. / Recommended: Branch protection requiring a non-author approver on `Dev_1.0`",sameer-s-mansur,Process change,ENHANCEMENT,ENHANCEMENT,yes,8,04:00,00:15,02:15,"category PROCESS_PRACTICE confirms the reported enhancement. state DEV_REVIEW, review PENDING. nothing changed (dry run)."
ISSUE_000347,Use Devin to produce the cross-repo API contract test so paired changes cannot drift.,"Work carried out: unresolved repository: repository history was not read (no local checkout with history) / Code now: target repository unresolved, so no code was inspected / Reported: Delegation opportunity recorded for jatinkushwaha-medicodio: Use Devin to produce the cross-repo API contract test so paired changes cannot drift. / Recommended: INVESTIGATE AND PROPOSE: no implementation until a human approves.",jatinkushwaha-medicodio,Process change,BUG,ENHANCEMENT,no,8,04:00,00:15,02:15,"reported as bug but category PROCESS_PRACTICE shows the capability does not exist yet, so it is an enhancement. state DEV_REVIEW, review PENDING. nothing changed (dry run)."
ISSUE_000348,Self-merge,"Work carried out: unresolved repository: repository history was not read (no local checkout with history) / Code now: target repository unresolved, so no code was inspected / Reported: Recurring pattern flagged for jatinkushwaha-medicodio: Self-merge. / Recommended: Require a non-author approver",jatinkushwaha-medicodio,Process change,ENHANCEMENT,ENHANCEMENT,yes,8,04:00,00:15,02:15,"category PROCESS_PRACTICE confirms the reported enhancement. state DEV_REVIEW, review PENDING. nothing changed (dry run)."
ISSUE_000353,"Use Devin to build KB-table-driven fixtures for the I.B.9 collapse redesign in #411, where 3 findings are currently open.","Work carried out: unresolved repository: repository history was not read (no local checkout with history) / Code now: target repository unresolved, so no code was inspected / Reported: Delegation opportunity recorded for Medicodio-Amit: Use Devin to build KB-table-driven fixtures for the I.B.9 collapse redesign in #411, where 3 findings are currently open. / Recommended: INVESTIGATE AND PROPOSE: no implementation until a human approves.",Medicodio-Amit,Process change,ENHANCEMENT,ENHANCEMENT,yes,8,04:00,00:15,02:15,"category PROCESS_PRACTICE confirms the reported enhancement. state DEV_REVIEW, review PENDING. nothing changed (dry run)."
ISSUE_000354,Use Devin to validate client-config routing changes against a schema so podiatry-style exclusions cannot regress.,"Work carried out: unresolved repository: repository history was not read (no local checkout with history) / Code now: target repository unresolved, so no code was inspected / Reported: Delegation opportunity recorded for Medicodio-Amit: Use Devin to validate client-config routing changes against a schema so podiatry-style exclusions cannot regress. / Recommended: INVESTIGATE AND PROPOSE: no implementation until a human approves.",Medicodio-Amit,Process change,BUG,ENHANCEMENT,no,8,04:00,00:15,02:15,"reported as bug but category PROCESS_PRACTICE shows the capability does not exist yet, so it is an enhancement. state DEV_REVIEW, review PENDING. nothing changed (dry run)."
ISSUE_000355,"Close out #393 or convert it into a scoped, reviewable PR.","Work carried out: unresolved repository: repository history was not read (no local checkout with history) / Code now: target repository unresolved, so no code was inspected / Reported: Delegation opportunity recorded for Medicodio-Amit: Close out #393 or convert it into a scoped, reviewable PR. / Recommended: INVESTIGATE AND PROPOSE: no implementation until a human approves.",Medicodio-Amit,Process change,ENHANCEMENT,ENHANCEMENT,yes,8,04:00,00:15,02:15,"category PROCESS_PRACTICE confirms the reported enhancement. state DEV_REVIEW, review PENDING. nothing changed (dry run)."
ISSUE_000357,Devin draft opened then idle,"Work carried out: unresolved repository: repository history was not read (no local checkout with history) / Code now: target repository unresolved, so no code was inspected / Reported: Recurring pattern flagged for Medicodio-Amit: Devin draft opened then idle. / Recommended: Acceptance criteria + reviewer, or close",Medicodio-Amit,Process change,ENHANCEMENT,ENHANCEMENT,yes,8,04:00,00:15,02:15,"category PROCESS_PRACTICE confirms the reported enhancement. state DEV_REVIEW, review PENDING. nothing changed (dry run)."
ISSUE_000362,Use Devin to write the P039-vs-P036 lab-source contract test that pins the refactor he just made.,"Work carried out: unresolved repository: repository history was not read (no local checkout with history) / Code now: target repository unresolved, so no code was inspected / Reported: Delegation opportunity recorded for avinash-codio: Use Devin to write the P039-vs-P036 lab-source contract test that pins the refactor he just made. / Recommended: INVESTIGATE AND PROPOSE: no implementation until a human approves.",avinash-codio,Process change,ENHANCEMENT,ENHANCEMENT,yes,8,04:00,00:15,02:15,"category PROCESS_PRACTICE confirms the reported enhancement. state DEV_REVIEW, review PENDING. nothing changed (dry run)."
ISSUE_000365,Behaviour change to chart routing with no tests,"Work carried out: unresolved repository: repository history was not read (no local checkout with history) / Code now: target repository unresolved, so no code was inspected / Reported: Recurring pattern flagged for avinash-codio: Behaviour change to chart routing with no tests. / Recommended: Delegate the routing fixture suite",avinash-codio,Process change,ENHANCEMENT,ENHANCEMENT,yes,8,04:00,00:15,02:15,"category PROCESS_PRACTICE confirms the reported enhancement. state DEV_REVIEW, review PENDING. nothing changed (dry run)."
ISSUE_000367,Empty approval bodies,"Work carried out: unresolved repository: repository history was not read (no local checkout with history) / Code now: target repository unresolved, so no code was inspected / Reported: Repetitive work reported for sumedh-codio: Empty approval bodies. / Recommended: Improve process — one-line verdict",sumedh-codio,Process change,ENHANCEMENT,ENHANCEMENT,yes,8,04:00,00:15,02:15,"category PROCESS_PRACTICE confirms the reported enhancement. state DEV_REVIEW, review PENDING. nothing changed (dry run)."
ISSUE_000373,Use Devin to answer Devin Review findings before merge rather than leaving them open.,"Work carried out: unresolved repository: repository history was not read (no local checkout with history) / Code now: target repository unresolved, so no code was inspected / Reported: Delegation opportunity recorded for Shashvi1: Use Devin to answer Devin Review findings before merge rather than leaving them open. / Recommended: INVESTIGATE AND PROPOSE: no implementation until a human approves.",Shashvi1,Process change,ENHANCEMENT,ENHANCEMENT,yes,8,04:00,00:15,02:15,"category PROCESS_PRACTICE confirms the reported enhancement. state DEV_REVIEW, review PENDING. nothing changed (dry run)."
ISSUE_000374,Merge with an open Devin Review finding,"Work carried out: unresolved repository: repository history was not read (no local checkout with history) / Code now: target repository unresolved, so no code was inspected / Reported: Recurring pattern flagged for Shashvi1: Merge with an open Devin Review finding. / Recommended: Answer or explicitly dismiss the finding in the PR before merging",Shashvi1,Process change,ENHANCEMENT,ENHANCEMENT,yes,8,04:00,00:15,02:15,"category PROCESS_PRACTICE confirms the reported enhancement. state DEV_REVIEW, review PENDING. nothing changed (dry run)."
ISSUE_000376,Use Devin to write BMI/Z68 gating fixtures across client configurations.,"Work carried out: unresolved repository: repository history was not read (no local checkout with history) / Code now: target repository unresolved, so no code was inspected / Reported: Delegation opportunity recorded for vishnu-saikarthik: Use Devin to write BMI/Z68 gating fixtures across client configurations. / Recommended: INVESTIGATE AND PROPOSE: no implementation until a human approves.",vishnu-saikarthik,Process change,ENHANCEMENT,ENHANCEMENT,yes,8,04:00,00:15,02:15,"category PROCESS_PRACTICE confirms the reported enhancement. state DEV_REVIEW, review PENDING. nothing changed (dry run)."
ISSUE_000380,Scope the ICD memory-manager agent as a Devin task with explicit acceptance criteria and requested tests.,"Work carried out: unresolved repository: repository history was not read (no local checkout with history) / Code now: target repository unresolved, so no code was inspected / Reported: Delegation opportunity recorded for ashwinsk-medicodio: Scope the ICD memory-manager agent as a Devin task with explicit acceptance criteria and requested tests. / Recommended: INVESTIGATE AND PROPOSE: no implementation until a human approves.",ashwinsk-medicodio,Process change,ENHANCEMENT,ENHANCEMENT,yes,8,04:00,00:15,02:15,"category PROCESS_PRACTICE confirms the reported enhancement. state DEV_REVIEW, review PENDING. nothing changed (dry run)."
ISSUE_000382,Work not reaching a reviewable state,"Work carried out: unresolved repository: repository history was not read (no local checkout with history) / Code now: target repository unresolved, so no code was inspected / Reported: Recurring pattern flagged for ashwinsk-medicodio: Work not reaching a reviewable state. / Recommended: Agree a smallest reviewable slice with Medicodio-Amit and open it",ashwinsk-medicodio,Process change,ENHANCEMENT,ENHANCEMENT,yes,8,04:00,00:15,02:15,"category PROCESS_PRACTICE confirms the reported enhancement. state DEV_REVIEW, review PENDING. nothing changed (dry run)."
